Gene,Single-gene rTS
21_AT1,0.30791808931027825
132158_AT1,0.2778532240274048
5230_AT1,5.232510862586784
8781_AT1,4.286551044143457
283209_AT1,0.0048695656388199615
